{"max_proxy":1.9884283542633057,"Mean BS Std(p)":-1,"KL Div.":-1,"lr_logZ":0.001,"Jensen Shannon Div.":-1,"L1 error":-1,"batch_size":70,"Loss":1.690899133682251,"_step":2000,"mean_logreward":0.5877312839031219,"_wandb":{"runtime":45},"mean_seq_length":6,"Mean BS Std(logp)":-1,"max_logreward":0.6873445510864258,"mean_proxy":1.8027207970619201,"Loss (terminating)":1.690899133682251,"_timestamp":1.737566131541575e+09,"min_proxy":1.6698453426361084,"lr":0.0001,"logZ":21.922744750976562,"Loss (non-term.)":1.690899133682251,"mean_reward":1.8027207970619201,"Corr. (test probs., rewards)":0,"max_reward":1.9884283542633057,"Var(logR - logp) test":-1,"BS Std(logp) / NLL":-1,"step":2000,"_runtime":45.858599,"NLL of test data":0}