{"max_logreward":0.6447320580482483,"Mean BS Std(logp)":-1,"mean_reward":1.6994356274604798,"Jensen Shannon Div.":-1,"_step":2000,"Loss":0.8191583752632141,"_timestamp":1.73756471228817e+09,"Var(logR - logp) test":-1,"mean_proxy":1.6994356274604798,"batch_size":70,"KL Div.":-1,"Loss (terminating)":0.8191583752632141,"NLL of test data":0,"_runtime":41.294614,"lr":0.0001,"_wandb":{"runtime":41},"Corr. (test probs., rewards)":0,"max_reward":1.905476450920105,"mean_seq_length":6,"Loss (non-term.)":0.8191583752632141,"BS Std(logp) / NLL":-1,"lr_logZ":0.001,"min_proxy":1.514273762702942,"Mean BS Std(p)":-1,"logZ":28.88310432434082,"L1 error":-1,"mean_logreward":0.5281244784593582,"max_proxy":1.905476450920105,"step":2000}