{"max_reward":2.1010615825653076,"_step":5000,"Loss (terminating)":0.0016146944835782051,"KL Div.":-1,"Loss":0.0016146944835782051,"logZ":33.019474029541016,"lr":0.0001,"Jensen Shannon Div.":-1,"Loss (non-term.)":0.0016146944835782051,"Corr. (test probs., rewards)":0,"Mean BS Std(p)":-1,"mean_logreward":0.6668113708496094,"mean_seq_length":6,"batch_size":70,"step":5000,"Var(logR - logp) test":-1,"lr_logZ":0.001,"BS Std(logp) / NLL":-1,"Mean BS Std(logp)":-1,"mean_reward":1.9509339094161988,"max_logreward":0.7424427270889282,"L1 error":-1,"_timestamp":1.7369541866748621e+09,"_runtime":100.72916,"NLL of test data":0,"min_proxy":1.7905579805374146,"_wandb":{"runtime":100},"max_proxy":2.1010615825653076,"mean_proxy":1.9509339094161988}