{"step":2000,"Loss (terminating)":6.886859893798828,"batch_size":80,"Corr. (test probs., rewards)":0,"max_reward":36,"mean_proxy":23.9,"mean_seq_length":7,"L1 error":-1,"_runtime":24.748143,"Jensen Shannon Div.":-1,"max_logreward":3.5835189819335938,"min_proxy":13,"KL Div.":-1,"BS Std(logp) / NLL":-1,"Loss":6.886859893798828,"Mean BS Std(logp)":-1,"_step":2000,"logZ":28.551191329956055,"Var(logR - logp) test":-1,"Mean BS Std(p)":-1,"NLL of test data":0,"mean_reward":23.900000381469727,"_wandb":{"runtime":24},"lr_logZ":0.001,"_timestamp":1.736956443998799e+09,"lr":0.0001,"Loss (non-term.)":6.886859893798828,"mean_logreward":3.1238195419311525,"max_proxy":36}