{"BS Std(logp) / NLL":-1,"Loss":6.886859893798828,"max_logreward":3.5835189819335938,"mean_reward":23.900000381469727,"_wandb":{"runtime":24},"min_proxy":13,"lr_logZ":0.001,"mean_proxy":23.9,"Loss (terminating)":6.886859893798828,"lr":0.0001,"logZ":28.551191329956055,"NLL of test data":0,"Corr. (test probs., rewards)":0,"Mean BS Std(logp)":-1,"_step":2000,"Jensen Shannon Div.":-1,"_runtime":24.23701,"max_reward":36,"Var(logR - logp) test":-1,"Loss (non-term.)":6.886859893798828,"step":2000,"batch_size":80,"mean_seq_length":7,"KL Div.":-1,"Mean BS Std(p)":-1,"mean_logreward":3.1238195419311525,"L1 error":-1,"max_proxy":36,"_timestamp":1.736956249556905e+09}