{"NLL of test data":0,"Loss":254.52096557617188,"Jensen Shannon Div.":-1,"batch_size":70,"_timestamp":1.737565789172868e+09,"min_proxy":1.7402530908584595,"Loss (terminating)":254.52096557617188,"Var(logR - logp) test":-1,"KL Div.":-1,"max_reward":1.8400341272354126,"Loss (non-term.)":254.52096557617188,"mean_logreward":0.5821694552898407,"lr":0.0001,"max_logreward":0.6097841262817383,"step":5,"mean_seq_length":6,"Mean BS Std(logp)":-1,"logZ":37.420162200927734,"mean_reward":1.7902064085006715,"lr_logZ":0.001,"L1 error":-1,"_wandb":{"runtime":1},"Corr. (test probs., rewards)":0,"_runtime":1.527907,"mean_proxy":1.7902064085006715,"_step":5,"max_proxy":1.8400341272354126,"BS Std(logp) / NLL":-1,"Mean BS Std(p)":-1}