{"mean_logreward":0.5753418862819671,"mean_reward":1.7781126260757447,"step":177,"min_proxy":1.6991682052612305,"_step":177,"Jensen Shannon Div.":-1,"max_logreward":0.6116034984588623,"Loss":317.86962890625,"mean_seq_length":6,"batch_size":70,"logZ":34.74631881713867,"BS Std(logp) / NLL":-1,"Corr. (test probs., rewards)":0,"Var(logR - logp) test":-1,"_wandb":{"runtime":7},"Mean BS Std(p)":-1,"Loss (terminating)":317.86962890625,"_timestamp":1.737566071325505e+09,"lr_logZ":0.001,"_runtime":7.285302,"lr":0.0001,"max_proxy":1.843384861946106,"mean_proxy":1.7781126260757447,"L1 error":-1,"KL Div.":-1,"max_reward":1.843384861946106,"Loss (non-term.)":317.86962890625,"NLL of test data":0,"Mean BS Std(logp)":-1}