{"mean_proxy":1.9902418732643128,"batch_size":70,"logZ":33.012569427490234,"max_logreward":0.8018002510070801,"Corr. (test probs., rewards)":0,"Mean BS Std(logp)":-1,"max_proxy":2.229551076889038,"_timestamp":1.7369548515532281e+09,"NLL of test data":0,"Jensen Shannon Div.":-1,"Mean BS Std(p)":-1,"Loss (terminating)":0.0036721162032335997,"_wandb":{"runtime":35},"_step":2000,"step":2000,"lr_logZ":0.001,"mean_logreward":0.6856969177722931,"BS Std(logp) / NLL":-1,"Loss (non-term.)":0.0036721162032335997,"Var(logR - logp) test":-1,"max_reward":2.229551076889038,"mean_reward":1.9902418732643128,"_runtime":35.509914,"L1 error":-1,"min_proxy":1.742143154144287,"KL Div.":-1,"lr":0.0001,"Loss":0.0036721162032335997,"mean_seq_length":6}